path,score
https://www.nerdstickers.com.br/todos/vue-js/,"(75, 38)"
https://www.nerdstickers.com.br/todos/vue-js/,"(75, 38)"
https://www.nerdstickers.com.br/todos/no-logs-no-crime/,"(70, 39)"
https://www.nerdstickers.com.br/todos/no-logs-no-crime/,"(70, 39)"
https://www.nerdstickers.com.br/todos/cats-tea/,"(71, 38)"
https://www.nerdstickers.com.br/todos/cats-tea/,"(71, 38)"
https://www.nerdstickers.com.br/todos/the-joker/,"(69, 38)"
https://www.nerdstickers.com.br/todos/the-joker/,"(69, 38)"
https://www.nerdstickers.com.br/todos/yellow-planet/,"(72, 38)"
https://www.nerdstickers.com.br/todos/yellow-planet/,"(72, 38)"
https://www.nerdstickers.com.br/todos/plants-christmas/,"(56, 38)"
https://www.nerdstickers.com.br/todos/plants-christmas/,"(56, 38)"
https://www.nerdstickers.com.br/todos/orange-cat/,"(70, 38)"
https://www.nerdstickers.com.br/todos/orange-cat/,"(70, 38)"
https://www.nerdstickers.com.br/todos/psychic-woman/,"(61, 38)"
https://www.nerdstickers.com.br/todos/psychic-woman/,"(61, 38)"
https://www.nerdstickers.com.br/todos/lula-deb/,"(71, 38)"
https://www.nerdstickers.com.br/todos/lula-deb/,"(71, 38)"
https://www.nerdstickers.com.br/todos/homunculo/,"(68, 38)"
https://www.nerdstickers.com.br/todos/homunculo/,"(68, 38)"
https://www.nerdstickers.com.br/todos/roger-pirates/,"(68, 38)"
https://www.nerdstickers.com.br/todos/roger-pirates/,"(68, 38)"
https://www.nerdstickers.com.br/todos/pinkman-hardblue/,"(58, 38)"
https://www.nerdstickers.com.br/todos/pinkman-hardblue/,"(58, 38)"
https://www.nerdstickers.com.br/todos/heisen-cooker/,"(64, 38)"
https://www.nerdstickers.com.br/todos/heisen-cooker/,"(64, 38)"
https://www.nerdstickers.com.br/todos/heisenbergs-trailer/,"(53, 38)"
https://www.nerdstickers.com.br/todos/heisenbergs-trailer/,"(53, 38)"
https://www.nerdstickers.com.br/todos/heisenberg-redblue/,"(54, 38)"
https://www.nerdstickers.com.br/todos/heisenberg-redblue/,"(54, 38)"
https://www.nerdstickers.com.br/todos/i-dump-you-ass/,"(70, 38)"
https://www.nerdstickers.com.br/todos/i-dump-you-ass/,"(70, 38)"
https://www.nerdstickers.com.br/todos/skeleton-on-the-beach/,"(62, 38)"
https://www.nerdstickers.com.br/todos/skeleton-on-the-beach/,"(62, 38)"
https://www.nerdstickers.com.br/todos/van-at-sunset/,"(63, 38)"
https://www.nerdstickers.com.br/todos/van-at-sunset/,"(63, 38)"
https://www.nerdstickers.com.br/todos/deadpug/,"(74, 38)"
https://www.nerdstickers.com.br/todos/deadpug/,"(74, 38)"
https://www.nerdstickers.com.br/todos/republica-fed-do-brazil/,"(56, 38)"
https://www.nerdstickers.com.br/todos/republica-fed-do-brazil/,"(56, 38)"
https://www.nerdstickers.com.br/todos/bicycle-sunset/,"(62, 38)"
https://www.nerdstickers.com.br/todos/bicycle-sunset/,"(62, 38)"
https://www.nerdstickers.com.br/categoria-produto/tecnologia/,
https://www.nerdstickers.com.br/categoria-produto/internet/tecnologia-internet-hackers/,
https://www.nerdstickers.com.br/categoria-produto/tecnologia/empresas/,
https://www.nerdstickers.com.br/categoria-produto/tecnologia/developers/,
https://www.nerdstickers.com.br/todos/adesivo-personalizado-corte-especial/,"(33, 38)"
https://www.nerdstickers.com.br/categoria-produto/design/,
https://www.nerdstickers.com.br/todos/sticker-corte-circular/,"(54, 38)"
https://www.nerdstickers.com.br/todos/sticker-corte-quadrado-redangulo/,"(37, 38)"
https://www.nerdstickers.com.br/categoria-produto/tecnologia/sistemas/,
https://www.nerdstickers.com.br/categoria-produto/games/,
https://www.nerdstickers.com.br/categoria-produto/mascarados/,
https://www.nerdstickers.com.br/categoria-produto/mascarados/hashtags/,
https://www.nerdstickers.com.br/categoria-produto/mascarados/funny/,
https://www.nerdstickers.com.br/categoria-produto/mascarados/internet-mascarados/,
https://www.nerdstickers.com.br/todos/vue-js/,"(75, 38)"
https://www.nerdstickers.com.br/categoria-produto/internet/,
https://www.nerdstickers.com.br/categoria-produto/mascarados/para-macbook/,
https://www.nerdstickers.com.br/categoria-produto/internet/tecnologia-internet-memes/,
https://www.nerdstickers.com.br/todos/vue-js/,"(75, 38)"
https://www.nerdstickers.com.br/categoria-produto/mascarados/skins/,
https://www.nerdstickers.com.br/categoria-produto/tv-seriados/,
https://www.nerdstickers.com.br/todos/no-logs-no-crime/,"(70, 39)"
https://www.nerdstickers.com.br/todos/no-logs-no-crime/,"(70, 39)"
https://www.nerdstickers.com.br/categoria-produto/packs/,
https://www.nerdstickers.com.br/categoria-produto/feminices/,
https://www.nerdstickers.com.br/categoria-produto/internet/tecnologia-internet-social/,
https://www.nerdstickers.com.br/categoria-produto/travel/,
https://www.nerdstickers.com.br/todos/cat-lover/,"(77, 38)"
https://www.nerdstickers.com.br/todos/cats-tea/,"(71, 38)"
https://www.nerdstickers.com.br/todos/cats-tea/,"(71, 38)"
https://www.nerdstickers.com.br/categoria-produto/outros/feminices/,
https://www.nerdstickers.com.br/todos/astrocat/,"(72, 38)"
https://www.nerdstickers.com.br/todos/stitch-i/,"(74, 38)"
https://www.nerdstickers.com.br/todos/the-joker/,"(69, 38)"
https://www.nerdstickers.com.br/todos/cat-lover/,"(77, 38)"
https://www.nerdstickers.com.br/todos/control-sony/,"(66, 38)"
https://www.nerdstickers.com.br/todos/the-joker/,"(69, 38)"
https://www.nerdstickers.com.br/todos/homunculo/,"(68, 38)"
https://www.nerdstickers.com.br/todos/yellow-planet/,"(72, 38)"
https://www.nerdstickers.com.br/todos/vue-js/#main,"(65, 38)"
https://www.nerdstickers.com.br/todos/astrocat/,"(72, 38)"
https://www.nerdstickers.com.br/todos/yellow-planet/,"(72, 38)"
https://www.nerdstickers.com.br/todos/homunculo/,"(68, 38)"
https://www.nerdstickers.com.br/todos/roy-mustang/,"(65, 38)"
https://www.nerdstickers.com.br/todos/plants-christmas/,"(56, 38)"
https://www.nerdstickers.com.br/todos/vue-js/,"(75, 38)"
https://www.nerdstickers.com.br/todos/roy-mustang/,"(65, 38)"
https://www.nerdstickers.com.br/todos/baboon/,"(71, 38)"
https://www.nerdstickers.com.br/todos/plants-christmas/,"(56, 38)"
https://www.nerdstickers.com.br/todos/vue-js/,"(75, 38)"
https://www.nerdstickers.com.br/todos/gamabunta/,"(65, 38)"
https://www.nerdstickers.com.br/todos/orange-cat/,"(70, 38)"
https://www.nerdstickers.com.br/todos/baboon/,"(71, 38)"
https://www.nerdstickers.com.br/todos/orange-cat/,"(70, 38)"
https://www.nerdstickers.com.br/todos/gamabunta/,"(65, 38)"
https://www.nerdstickers.com.br/todos/x-wing-ii-starwars/,"(62, 38)"
https://www.nerdstickers.com.br/todos/#main,"(74, 38)"
https://www.nerdstickers.com.br/todos/dinossauro-vacation/,"(56, 38)"
https://www.nerdstickers.com.br/todos/psychic-woman/,"(61, 38)"
https://www.nerdstickers.com.br/todos/x-wing-ii-starwars/,"(62, 38)"
https://www.nerdstickers.com.br/todos/rio-de-janeiro/,"(70, 38)"
https://www.nerdstickers.com.br/todos/psychic-woman/,"(61, 38)"
https://www.nerdstickers.com.br/todos/lula-deb/,"(71, 38)"
https://www.nerdstickers.com.br/todos/need-more-space/,"(70, 39)"
https://www.nerdstickers.com.br/todos/lula-deb/,"(71, 38)"
https://www.nerdstickers.com.br/todos/national-security-agency/,"(52, 39)"
https://www.nerdstickers.com.br/todos/radioactive/,"(65, 38)"
https://www.nerdstickers.com.br/todos/homunculo/,"(68, 38)"
https://www.nerdstickers.com.br/todos/need-more-space/,"(70, 39)"
https://www.nerdstickers.com.br/todos/choose-your-hero-alteracao/,"(49, 38)"
https://www.nerdstickers.com.br/todos/homunculo/,"(68, 38)"
https://www.nerdstickers.com.br/todos/g-google/,"(74, 38)"
https://www.nerdstickers.com.br/todos/national-security-agency/,"(52, 39)"
https://www.nerdstickers.com.br/todos/radioactive/,"(65, 38)"
https://www.nerdstickers.com.br/todos/g-google/,"(74, 38)"
https://www.nerdstickers.com.br/todos/startup-life/,"(64, 38)"
https://www.nerdstickers.com.br/todos/nsa-inside/,"(68, 39)"
https://www.nerdstickers.com.br/todos/vue-js/,"(75, 38)"
https://www.nerdstickers.com.br/todos/choose-your-hero-alteracao/,"(49, 38)"
https://www.nerdstickers.com.br/todos/roger-pirates/,"(68, 38)"
https://www.nerdstickers.com.br/todos/vue-js/,"(75, 38)"
https://www.nerdstickers.com.br/todos/startup-life/,"(64, 38)"
https://www.nerdstickers.com.br/todos/nsa-inside/,"(68, 39)"
https://www.nerdstickers.com.br/todos/crie/,"(75, 38)"
https://www.nerdstickers.com.br/todos/roger-pirates/,"(68, 38)"
https://www.nerdstickers.com.br/todos/vue-js/,"(75, 38)"
https://www.nerdstickers.com.br/todos/ibm-i/,"(77, 38)"
https://www.nerdstickers.com.br/todos/dont-roll/,"(72, 38)"
https://www.nerdstickers.com.br/todos/vue-js/,"(75, 38)"
https://www.nerdstickers.com.br/todos/kratos-2/,"(71, 38)"
https://www.nerdstickers.com.br/todos/pinkman-hardblue/,"(58, 38)"
https://www.nerdstickers.com.br/todos/no-logs-no-crime/,"(70, 39)"
https://www.nerdstickers.com.br/todos/ibm-i/,"(77, 38)"
https://www.nerdstickers.com.br/todos/vue-js/,"(75, 38)"
https://www.nerdstickers.com.br/todos/dont-roll/,"(72, 38)"
https://www.nerdstickers.com.br/todos/no-logs-no-crime/,"(70, 39)"
https://www.nerdstickers.com.br/todos/crie/,"(75, 38)"
https://www.nerdstickers.com.br/todos/pinkman-hardblue/,"(58, 38)"
https://www.nerdstickers.com.br/todos/no-logs-no-crime/,"(70, 39)"
https://www.nerdstickers.com.br/todos/dropbox/,"(75, 38)"
https://www.nerdstickers.com.br/todos/your-password/,"(64, 38)"
https://www.nerdstickers.com.br/todos/no-logs-no-crime/,"(70, 39)"
https://www.nerdstickers.com.br/todos/kratos-2/,"(71, 38)"
https://www.nerdstickers.com.br/todos/choose-you-hero/,"(67, 38)"
https://www.nerdstickers.com.br/todos/heisen-cooker/,"(64, 38)"
https://www.nerdstickers.com.br/todos/metadata/,"(67, 38)"
https://www.nerdstickers.com.br/todos/dropbox/,"(75, 38)"
https://www.nerdstickers.com.br/todos/your-password/,"(64, 38)"
https://www.nerdstickers.com.br/todos/metadata/,"(67, 38)"
https://www.nerdstickers.com.br/todos/kratos/,"(71, 38)"
https://www.nerdstickers.com.br/todos/heisen-cooker/,"(64, 38)"
https://www.nerdstickers.com.br/todos/metadata/,"(67, 38)"
https://www.nerdstickers.com.br/todos/cloudflare/,"(66, 38)"
https://www.nerdstickers.com.br/todos/cats-tea/#main,"(61, 38)"
https://www.nerdstickers.com.br/todos/vue-js/,"(75, 38)"
https://www.nerdstickers.com.br/todos/g-google/,"(74, 38)"
https://www.nerdstickers.com.br/todos/g-google/,"(74, 38)"
https://www.nerdstickers.com.br/todos/wireshark/,"(68, 38)"
https://www.nerdstickers.com.br/todos/metadata/,"(67, 38)"
https://www.nerdstickers.com.br/todos/choose-you-hero/,"(67, 38)"
https://www.nerdstickers.com.br/todos/heisenbergs-trailer/,"(53, 38)"
https://www.nerdstickers.com.br/todos/fullstack-dev/,"(61, 38)"
https://www.nerdstickers.com.br/todos/cloudflare/,"(66, 38)"
https://www.nerdstickers.com.br/todos/nerd/,"(75, 39)"
https://www.nerdstickers.com.br/todos/no-logs-no-crime/,"(70, 39)"
https://www.nerdstickers.com.br/todos/no-logs-no-crime/,"(70, 39)"
https://www.nerdstickers.com.br/todos/wireshark/,"(68, 38)"
https://www.nerdstickers.com.br/todos/dinogoogle/,"(69, 38)"
https://www.nerdstickers.com.br/todos/hello-world-2/,"(68, 38)"
https://www.nerdstickers.com.br/todos/fullstack-dev/,"(61, 38)"
https://www.nerdstickers.com.br/todos/kratos/,"(71, 38)"
https://www.nerdstickers.com.br/todos/meu-cafe/,"(68, 38)"
https://www.nerdstickers.com.br/todos/heisenbergs-trailer/,"(53, 38)"
https://www.nerdstickers.com.br/todos/fullstack-dev/,"(61, 38)"
https://www.nerdstickers.com.br/todos/combo-super-nerd/,"(68, 38)"
https://www.nerdstickers.com.br/todos/cisco-ii/,"(74, 38)"
https://www.nerdstickers.com.br/todos/cat-lover/,"(77, 38)"
https://www.nerdstickers.com.br/todos/im-an-excellent-googler/,"(55, 38)"
https://www.nerdstickers.com.br/todos/webcam-spy-blocker/,"(58, 38)"
https://www.nerdstickers.com.br/todos/one-piece/,"(73, 38)"
https://www.nerdstickers.com.br/todos/adesivo-hadouken-wifi/,"(58, 38)"
https://www.nerdstickers.com.br/todos/fullstack-dev/,"(61, 38)"
https://www.nerdstickers.com.br/todos/saw-cleaver/,"(68, 38)"
https://www.nerdstickers.com.br/todos/heisenberg-redblue/,"(54, 38)"
https://www.nerdstickers.com.br/todos/full-stack/,"(67, 38)"
https://www.nerdstickers.com.br/todos/cisco-ii/,"(74, 38)"
https://www.nerdstickers.com.br/todos/nerd/,"(75, 39)"
https://www.nerdstickers.com.br/todos/nerd/,"(75, 39)"
https://www.nerdstickers.com.br/todos/sith-empire-star-wars/,"(59, 38)"
https://www.nerdstickers.com.br/todos/cats-tea/,"(71, 38)"
https://www.nerdstickers.com.br/todos/outdoor/,"(69, 38)"
https://www.nerdstickers.com.br/todos/webcam-spy-blocker/,"(58, 38)"
https://www.nerdstickers.com.br/todos/webcam-spy-blocker/,"(58, 38)"
https://www.nerdstickers.com.br/todos/im-an-excellent-googler/,"(55, 38)"
https://www.nerdstickers.com.br/todos/dinogoogle/,"(69, 38)"
https://www.nerdstickers.com.br/todos/dinogoogle/,"(69, 38)"
https://www.nerdstickers.com.br/todos/hello-world-2/,"(68, 38)"
https://www.nerdstickers.com.br/todos/full-stack/,"(67, 38)"
https://www.nerdstickers.com.br/todos/saw-cleaver/,"(68, 38)"
https://www.nerdstickers.com.br/todos/meu-cafe/,"(68, 38)"
https://www.nerdstickers.com.br/todos/heisenberg-redblue/,"(54, 38)"
https://www.nerdstickers.com.br/todos/full-stack/,"(67, 38)"
https://www.nerdstickers.com.br/todos/combo-super-nerd/,"(68, 38)"
https://www.nerdstickers.com.br/todos/slack/,"(75, 38)"
https://www.nerdstickers.com.br/todos/coffee/,"(79, 38)"
https://www.nerdstickers.com.br/todos/cats-tea/,"(71, 38)"
https://www.nerdstickers.com.br/todos/cat-lover/,"(77, 38)"
https://www.nerdstickers.com.br/todos/cat-lover/,"(77, 38)"
https://www.nerdstickers.com.br/todos/im-an-excellent-googler/,"(55, 38)"
https://www.nerdstickers.com.br/todos/tor-projet-i/,"(79, 38)"
https://www.nerdstickers.com.br/todos/one-piece/,"(73, 38)"
https://www.nerdstickers.com.br/todos/one-piece/,"(73, 38)"
https://www.nerdstickers.com.br/todos/adesivo-hadouken-wifi/,"(58, 38)"
https://www.nerdstickers.com.br/todos/hack/,"(74, 38)"
https://www.nerdstickers.com.br/todos/linux/,"(75, 38)"
https://www.nerdstickers.com.br/todos/full-stack/,"(67, 38)"
https://www.nerdstickers.com.br/todos/death-stranding/,"(58, 38)"
https://www.nerdstickers.com.br/todos/lab/,"(73, 38)"
https://www.nerdstickers.com.br/todos/i-dump-you-ass/,"(70, 38)"
https://www.nerdstickers.com.br/todos/im-an-excellent-googler/,"(55, 38)"
https://www.nerdstickers.com.br/todos/super-pack-black-and-white-36-stickers/,"(38, 38)"
https://www.nerdstickers.com.br/todos/slack/,"(75, 38)"
https://www.nerdstickers.com.br/todos/sith-empire-star-wars/,"(59, 38)"
https://www.nerdstickers.com.br/todos/sith-empire-star-wars/,"(59, 38)"
https://www.nerdstickers.com.br/todos/good-vibes/,"(71, 38)"
https://www.nerdstickers.com.br/todos/outdoor/,"(69, 38)"
https://www.nerdstickers.com.br/todos/bob-caveman/,"(71, 38)"
https://www.nerdstickers.com.br/todos/tor-projet-i/,"(79, 38)"
https://www.nerdstickers.com.br/todos/hp-mascarado-copia/,"(56, 38)"
https://www.nerdstickers.com.br/todos/im-an-excellent-googler/,"(55, 38)"
https://www.nerdstickers.com.br/todos/linux/,"(75, 38)"
https://www.nerdstickers.com.br/todos/im-an-excellent-googler/,"(55, 38)"
https://www.nerdstickers.com.br/todos/i-dump-you-ass/,"(70, 38)"
https://www.nerdstickers.com.br/todos/im-an-excellent-googler/,"(55, 38)"
https://www.nerdstickers.com.br/todos/super-pack-black-and-white-36-stickers/,"(38, 38)"
https://www.nerdstickers.com.br/todos/evernote/,"(73, 38)"
https://www.nerdstickers.com.br/todos/coffee/,"(79, 38)"
https://www.nerdstickers.com.br/todos/coffee/,"(79, 38)"
https://www.nerdstickers.com.br/todos/star-wars-rogue-squadron/,"(53, 38)"
https://www.nerdstickers.com.br/todos/cat-lover/,"(77, 38)"
https://www.nerdstickers.com.br/todos/nerd-mode-on/,"(76, 39)"
https://www.nerdstickers.com.br/todos/malibu/,"(71, 38)"
https://www.nerdstickers.com.br/todos/bob-caveman/,"(71, 38)"
https://www.nerdstickers.com.br/todos/mr-robot-i/,"(77, 38)"
https://www.nerdstickers.com.br/todos/adesivo-dont-touch-my-laptop/,"(49, 38)"
https://www.nerdstickers.com.br/todos/bob-caveman/,"(71, 38)"
https://www.nerdstickers.com.br/todos/hack/,"(74, 38)"
https://www.nerdstickers.com.br/todos/hack/,"(74, 38)"
https://www.nerdstickers.com.br/todos/big-face-penguin/,"(63, 38)"
https://www.nerdstickers.com.br/todos/im-an-excellent-googler/,"(55, 38)"
https://www.nerdstickers.com.br/todos/death-stranding/,"(58, 38)"
https://www.nerdstickers.com.br/todos/lab/,"(73, 38)"
https://www.nerdstickers.com.br/todos/skeleton-on-the-beach/,"(62, 38)"
https://www.nerdstickers.com.br/todos/espiral/,"(72, 38)"
https://www.nerdstickers.com.br/todos/combo-developers/,"(64, 38)"
https://www.nerdstickers.com.br/todos/evernote/,"(73, 38)"
https://www.nerdstickers.com.br/todos/developer/,"(76, 38)"
https://www.nerdstickers.com.br/todos/good-vibes/,"(71, 38)"
https://www.nerdstickers.com.br/todos/good-vibes/,"(71, 38)"
https://www.nerdstickers.com.br/todos/malibu/,"(71, 38)"
https://www.nerdstickers.com.br/todos/nani/,"(80, 39)"
https://www.nerdstickers.com.br/todos/mr-robot-i/,"(77, 38)"
https://www.nerdstickers.com.br/todos/hp-mascarado-copia/,"(56, 38)"
https://www.nerdstickers.com.br/todos/hp-mascarado-copia/,"(56, 38)"
https://www.nerdstickers.com.br/todos/adesivo-dont-touch-my-laptop/,"(49, 38)"
https://www.nerdstickers.com.br/todos/bob-caveman/,"(71, 38)"
https://www.nerdstickers.com.br/todos/loading/,"(75, 38)"
https://www.nerdstickers.com.br/todos/big-face-penguin/,"(63, 38)"
https://www.nerdstickers.com.br/todos/espiral/,"(72, 38)"
https://www.nerdstickers.com.br/todos/computer/,"(78, 38)"
https://www.nerdstickers.com.br/todos/skeleton-on-the-beach/,"(62, 38)"
https://www.nerdstickers.com.br/todos/espiral/,"(72, 38)"
https://www.nerdstickers.com.br/todos/combo-developers/,"(64, 38)"
https://www.nerdstickers.com.br/todos/star-wars-rogue-squadron/,"(53, 38)"
https://www.nerdstickers.com.br/todos/star-wars-rogue-squadron/,"(53, 38)"
https://www.nerdstickers.com.br/todos/skull-and-roses/,"(72, 38)"
https://www.nerdstickers.com.br/todos/nerd-mode-on/,"(76, 39)"
https://www.nerdstickers.com.br/todos/enjoy-your-life/,"(68, 38)"
https://www.nerdstickers.com.br/todos/nani/,"(80, 39)"
https://www.nerdstickers.com.br/todos/fsociety/,"(73, 38)"
https://www.nerdstickers.com.br/todos/hp-mascarado/,"(60, 38)"
https://www.nerdstickers.com.br/todos/adesivo-wall-e-para-macbook/,"(51, 38)"
https://www.nerdstickers.com.br/todos/nani/,"(80, 39)"
https://www.nerdstickers.com.br/todos/linux-tux/,"(69, 38)"
https://www.nerdstickers.com.br/todos/espiral/,"(72, 38)"
https://www.nerdstickers.com.br/todos/over-tracer/,"(68, 38)"
https://www.nerdstickers.com.br/todos/van-at-sunset/,"(63, 38)"
https://www.nerdstickers.com.br/todos/developer-by-day/,"(68, 38)"
https://www.nerdstickers.com.br/todos/developer/,"(76, 38)"
https://www.nerdstickers.com.br/todos/developer/,"(76, 38)"
https://www.nerdstickers.com.br/todos/star-wars-choose-wisely/,"(56, 38)"
https://www.nerdstickers.com.br/todos/skull-and-roses/,"(72, 38)"
https://www.nerdstickers.com.br/todos/good-vibes/,"(71, 38)"
https://www.nerdstickers.com.br/todos/curtidas/,"(70, 38)"
https://www.nerdstickers.com.br/todos/enjoy-your-life/,"(68, 38)"
https://www.nerdstickers.com.br/todos/bob-chicken/,"(66, 38)"
https://www.nerdstickers.com.br/todos/fsociety/,"(73, 38)"
https://www.nerdstickers.com.br/todos/nani/,"(80, 39)"
https://www.nerdstickers.com.br/todos/loading/,"(75, 38)"
https://www.nerdstickers.com.br/todos/loading/,"(75, 38)"
https://www.nerdstickers.com.br/todos/linux-tux/,"(69, 38)"
https://www.nerdstickers.com.br/todos/developer-by-day/,"(68, 38)"
https://www.nerdstickers.com.br/todos/over-tracer/,"(68, 38)"
https://www.nerdstickers.com.br/todos/computer/,"(78, 38)"
https://www.nerdstickers.com.br/todos/van-at-sunset/,"(63, 38)"
https://www.nerdstickers.com.br/todos/developer-by-day/,"(68, 38)"
https://www.nerdstickers.com.br/todos/hardwork/,"(67, 38)"
https://www.nerdstickers.com.br/todos/rupaul/,"(74, 38)"
https://www.nerdstickers.com.br/todos/skull-and-roses/,"(72, 38)"
https://www.nerdstickers.com.br/todos/republic-of-china/,"(61, 38)"
https://www.nerdstickers.com.br/todos/bob-chicken/,"(66, 38)"
https://www.nerdstickers.com.br/todos/lulz-sec-i/,"(77, 38)"
https://www.nerdstickers.com.br/todos/hp-mascarado/,"(60, 38)"
https://www.nerdstickers.com.br/todos/hp-mascarado/,"(60, 38)"
https://www.nerdstickers.com.br/todos/adesivo-wall-e-para-macbook/,"(51, 38)"
https://www.nerdstickers.com.br/todos/bob-chicken/,"(66, 38)"
https://www.nerdstickers.com.br/todos/sudo-rm-rf/,"(74, 38)"
https://www.nerdstickers.com.br/todos/developer-by-day/,"(68, 38)"
https://www.nerdstickers.com.br/todos/poro-thresh/,"(68, 38)"
https://www.nerdstickers.com.br/todos/crie-respeite/,"(65, 38)"
https://www.nerdstickers.com.br/todos/deadpug/,"(74, 38)"
https://www.nerdstickers.com.br/todos/machine-learning/,"(59, 38)"
https://www.nerdstickers.com.br/todos/star-wars-choose-wisely/,"(56, 38)"
https://www.nerdstickers.com.br/todos/star-wars-choose-wisely/,"(56, 38)"
https://www.nerdstickers.com.br/todos/no-logs-no-crime/,"(70, 39)"
https://www.nerdstickers.com.br/todos/rupaul/,"(74, 38)"
https://www.nerdstickers.com.br/todos/skull-and-roses/,"(72, 38)"
https://www.nerdstickers.com.br/todos/curtidas/,"(70, 38)"
https://www.nerdstickers.com.br/todos/republic-of-china/,"(61, 38)"
https://www.nerdstickers.com.br/todos/e-t-colorful/,"(70, 38)"
https://www.nerdstickers.com.br/todos/lulz-sec-i/,"(77, 38)"
https://www.nerdstickers.com.br/todos/heisenberg/,"(66, 38)"
https://www.nerdstickers.com.br/todos/bob-chicken/,"(66, 38)"
https://www.nerdstickers.com.br/todos/_ssh/,"(74, 38)"
https://www.nerdstickers.com.br/todos/sudo-rm-rf/,"(74, 38)"
https://www.nerdstickers.com.br/todos/machine-learning/,"(59, 38)"
https://www.nerdstickers.com.br/todos/deadpug/,"(74, 38)"
https://www.nerdstickers.com.br/todos/machine-learning/,"(59, 38)"
https://www.nerdstickers.com.br/todos/hardwork/,"(67, 38)"
https://www.nerdstickers.com.br/todos/hardwork/,"(67, 38)"
https://www.nerdstickers.com.br/todos/star-wars-jedi/,"(66, 38)"
https://www.nerdstickers.com.br/todos/luna/,"(74, 38)"
https://www.nerdstickers.com.br/todos/rupaul/,"(74, 38)"
https://www.nerdstickers.com.br/todos/erro-aleatorio/,"(66, 38)"
https://www.nerdstickers.com.br/todos/lets-get-lost/,"(68, 38)"
https://www.nerdstickers.com.br/todos/e-t-colorful/,"(70, 38)"
https://www.nerdstickers.com.br/todos/cultura-hacker/,"(59, 38)"
https://www.nerdstickers.com.br/todos/adesivo-eat-coffee-code/,"(55, 38)"
https://www.nerdstickers.com.br/todos/e-t-colorful/,"(70, 38)"
https://www.nerdstickers.com.br/todos/_ssh/,"(74, 38)"
https://www.nerdstickers.com.br/todos/_ssh/,"(74, 38)"
https://www.nerdstickers.com.br/todos/erro-aleatorio/,"(66, 38)"
https://www.nerdstickers.com.br/todos/machine-learning/,"(59, 38)"
https://www.nerdstickers.com.br/todos/poro-thresh/,"(68, 38)"
https://www.nerdstickers.com.br/todos/crie-respeite/,"(65, 38)"
https://www.nerdstickers.com.br/todos/republica-fed-do-brazil/,"(56, 38)"
https://www.nerdstickers.com.br/todos/energy/,"(76, 38)"
https://www.nerdstickers.com.br/todos/rupaul/,"(74, 38)"
https://www.nerdstickers.com.br/todos/lets-get-lost/,"(68, 38)"
https://www.nerdstickers.com.br/todos/im-watching-you/,"(61, 38)"
https://www.nerdstickers.com.br/todos/cultura-hacker/,"(59, 38)"
https://www.nerdstickers.com.br/todos/heisenberg/,"(66, 38)"
https://www.nerdstickers.com.br/todos/heisenberg/,"(66, 38)"
https://www.nerdstickers.com.br/todos/e-t-colorful/,"(70, 38)"
https://www.nerdstickers.com.br/todos/hackerinside/,"(63, 38)"
https://www.nerdstickers.com.br/todos/energy/,"(76, 38)"
https://www.nerdstickers.com.br/todos/lanterna-bloodborne/,"(52, 38)"
https://www.nerdstickers.com.br/todos/confianca-criativa/,"(55, 38)"
https://www.nerdstickers.com.br/todos/republica-fed-do-brazil/,"(56, 38)"
https://www.nerdstickers.com.br/todos/energy/,"(76, 38)"
https://www.nerdstickers.com.br/todos/star-wars-jedi/,"(66, 38)"
https://www.nerdstickers.com.br/todos/star-wars-jedi/,"(66, 38)"
https://www.nerdstickers.com.br/todos/barn-owl/,"(71, 38)"
https://www.nerdstickers.com.br/todos/luna/,"(74, 38)"
https://www.nerdstickers.com.br/todos/luna/,"(74, 38)"
https://www.nerdstickers.com.br/todos/erro-aleatorio/,"(66, 38)"
https://www.nerdstickers.com.br/todos/anchor/,"(76, 38)"
https://www.nerdstickers.com.br/todos/im-watching-you/,"(61, 38)"
https://www.nerdstickers.com.br/todos/back-to-the-80s/,"(71, 38)"
https://www.nerdstickers.com.br/todos/hackintosh-i/,"(72, 38)"
https://www.nerdstickers.com.br/todos/cs-go-2/,"(77, 38)"
https://www.nerdstickers.com.br/todos/adesivo-eat-coffee-code/,"(55, 38)"
https://www.nerdstickers.com.br/todos/im-watching-you/,"(61, 38)"
https://www.nerdstickers.com.br/todos/erro-aleatorio/,"(66, 38)"
https://www.nerdstickers.com.br/todos/energy/,"(76, 38)"
https://www.nerdstickers.com.br/todos/bicycle-sunset/,"(62, 38)"
https://www.nerdstickers.com.br/todos/cmmc/,"(74, 38)"
https://www.nerdstickers.com.br/todos/galactic-empire-star-wars/,"(51, 38)"
https://www.nerdstickers.com.br/todos/barn-owl/,"(71, 38)"
https://www.nerdstickers.com.br/todos/astrocat/,"(72, 38)"
https://www.nerdstickers.com.br/todos/science/,"(72, 38)"
https://www.nerdstickers.com.br/todos/anchor/,"(76, 38)"
https://www.nerdstickers.com.br/todos/may-stack-overflow/,"(61, 38)"
https://www.nerdstickers.com.br/todos/hackintosh-i/,"(72, 38)"
https://www.nerdstickers.com.br/todos/adesivo-yoda-macbook/,"(54, 38)"
https://www.nerdstickers.com.br/todos/im-watching-you/,"(61, 38)"
https://www.nerdstickers.com.br/todos/vegeta-super-sayajin/,"(58, 38)"
https://www.nerdstickers.com.br/todos/hackerinside/,"(63, 38)"
https://www.nerdstickers.com.br/todos/hackerinside/,"(63, 38)"
https://www.nerdstickers.com.br/todos/linux-freedom/,"(67, 38)"
https://www.nerdstickers.com.br/todos/cmmc/,"(74, 38)"
https://www.nerdstickers.com.br/todos/lanterna-bloodborne/,"(52, 38)"
https://www.nerdstickers.com.br/todos/confianca-criativa/,"(55, 38)"
https://www.nerdstickers.com.br/todos/bicycle-sunset/,"(62, 38)"
https://www.nerdstickers.com.br/todos/cmmc/,"(74, 38)"
https://www.nerdstickers.com.br/todos/no-logs-no-crime/#main,"(59, 39)"
https://www.nerdstickers.com.br/todos/?add-to-cart=282772,"(52, 38)"
https://www.nerdstickers.com.br/todos/luna/,"(74, 38)"
https://www.nerdstickers.com.br/todos/see-the-world/,"(68, 38)"
https://www.nerdstickers.com.br/todos/may-stack-overflow/,"(61, 38)"
https://www.nerdstickers.com.br/todos/back-to-the-80s/,"(71, 38)"
https://www.nerdstickers.com.br/todos/lulzsec/,"(74, 38)"
https://www.nerdstickers.com.br/todos/cs-go-2/,"(77, 38)"
https://www.nerdstickers.com.br/todos/cs-go-2/,"(77, 38)"
https://www.nerdstickers.com.br/todos/may-stack-overflow/,"(61, 38)"
https://www.nerdstickers.com.br/todos/hacking/,"(72, 38)"
https://www.nerdstickers.com.br/todos/cmmc/,"(74, 38)"
https://www.nerdstickers.com.br/todos/pokejar-vii/,"(74, 38)"
https://www.nerdstickers.com.br/todos/lapis/,"(78, 38)"
https://www.nerdstickers.com.br/todos/in-case-of-fire/,"(72, 38)"
https://www.nerdstickers.com.br/todos/galactic-empire-star-wars/,"(51, 38)"
https://www.nerdstickers.com.br/todos/galactic-empire-star-wars/,"(51, 38)"
https://www.nerdstickers.com.br/todos/golden-eagle/,"(69, 38)"
https://www.nerdstickers.com.br/todos/astrocat/,"(72, 38)"
https://www.nerdstickers.com.br/todos/astrocat/,"(72, 38)"
https://www.nerdstickers.com.br/todos/science/,"(72, 38)"
https://www.nerdstickers.com.br/todos/see-the-world/,"(68, 38)"
https://www.nerdstickers.com.br/todos/will-code-for-pizza/,"(64, 38)"
https://www.nerdstickers.com.br/todos/walter-bowie/,"(67, 38)"
https://www.nerdstickers.com.br/todos/lulzsec/,"(74, 38)"
https://www.nerdstickers.com.br/todos/dinogoogle/,"(69, 38)"
https://www.nerdstickers.com.br/todos/adesivo-yoda-macbook/,"(54, 38)"
https://www.nerdstickers.com.br/todos/may-stack-overflow/,"(61, 38)"
https://www.nerdstickers.com.br/todos/vegeta-super-sayajin/,"(58, 38)"
https://www.nerdstickers.com.br/todos/vegeta-super-sayajin/,"(58, 38)"
https://www.nerdstickers.com.br/todos/linux-freedom/,"(67, 38)"
https://www.nerdstickers.com.br/todos/in-case-of-fire/,"(72, 38)"
https://www.nerdstickers.com.br/todos/in-case-of-fire/,"(72, 38)"
https://www.nerdstickers.com.br/todos/star-wars-death/,"(61, 38)"
https://www.nerdstickers.com.br/todos/cats-tea/,"(71, 38)"
https://www.nerdstickers.com.br/todos/cats-tea/,"(71, 38)"
https://www.nerdstickers.com.br/todos/golden-eagle/,"(69, 38)"
https://www.nerdstickers.com.br/todos/?add-to-cart=282782,"(52, 38)"
https://www.nerdstickers.com.br/todos/vue-js/,"(75, 38)"
https://www.nerdstickers.com.br/todos/m-maravilha-ii/,"(66, 38)"
https://www.nerdstickers.com.br/todos/dropbox/,"(75, 38)"
https://www.nerdstickers.com.br/todos/favor-nao-incomodar/,"(57, 38)"
https://www.nerdstickers.com.br/todos/adventure/,"(68, 38)"
https://www.nerdstickers.com.br/todos/will-code-for-pizza/,"(64, 38)"
https://www.nerdstickers.com.br/todos/walter-bowie/,"(67, 38)"
https://www.nerdstickers.com.br/todos/homem-aranha/,"(69, 38)"
https://www.nerdstickers.com.br/todos/will-code-for-pizza/,"(64, 38)"
https://www.nerdstickers.com.br/todos/one-piece/,"(73, 38)"
https://www.nerdstickers.com.br/todos/hacking/,"(72, 38)"
https://www.nerdstickers.com.br/todos/hacking/,"(72, 38)"
https://www.nerdstickers.com.br/todos/gnu-i/,"(77, 38)"
https://www.nerdstickers.com.br/todos/in-case-of-fire/,"(72, 38)"
https://www.nerdstickers.com.br/todos/pokejar-vii/,"(74, 38)"
https://www.nerdstickers.com.br/todos/lapis/,"(78, 38)"
https://www.nerdstickers.com.br/todos/hello-world-2/,"(68, 38)"
https://www.nerdstickers.com.br/todos/no-logs-no-crime/,"(70, 39)"
https://www.nerdstickers.com.br/todos/great-horned-owl/,"(65, 38)"
https://www.nerdstickers.com.br/todos/vue-js/,"(75, 38)"
https://www.nerdstickers.com.br/todos/m-maravilha-ii/,"(66, 38)"
https://www.nerdstickers.com.br/todos/astrocat/,"(72, 38)"
https://www.nerdstickers.com.br/todos/adventure/,"(68, 38)"
https://www.nerdstickers.com.br/todos/nobody-cares/,"(69, 39)"
https://www.nerdstickers.com.br/todos/riiickles/,"(70, 38)"
https://www.nerdstickers.com.br/todos/dinogoogle/,"(69, 38)"
https://www.nerdstickers.com.br/todos/dinogoogle/,"(69, 38)"
https://www.nerdstickers.com.br/todos/will-code-for-pizza/,"(64, 38)"
https://www.nerdstickers.com.br/todos/anonymous-mask/,"(65, 38)"
https://www.nerdstickers.com.br/todos/gnu-i/,"(77, 38)"
https://www.nerdstickers.com.br/todos/sudo-rm-rf-2/,"(74, 38)"
https://www.nerdstickers.com.br/todos/pokejar-vi/,"(76, 38)"
https://www.nerdstickers.com.br/todos/ser-criativo/,"(61, 38)"
https://www.nerdstickers.com.br/todos/hello-world-2/,"(68, 38)"
https://www.nerdstickers.com.br/todos/star-wars-death/,"(61, 38)"
https://www.nerdstickers.com.br/todos/star-wars-death/,"(61, 38)"
https://www.nerdstickers.com.br/todos/no-logs-no-crime/,"(70, 39)"
https://www.nerdstickers.com.br/todos/great-horned-owl/,"(65, 38)"
https://www.nerdstickers.com.br/todos/great-horned-owl/,"(65, 38)"
https://www.nerdstickers.com.br/todos/great-horned-owl/,"(65, 38)"
https://www.nerdstickers.com.br/todos/no-logs-no-crime/,"(70, 39)"
https://www.nerdstickers.com.br/todos/m-maravilha/,"(66, 38)"
https://www.nerdstickers.com.br/todos/dropbox/,"(75, 38)"
https://www.nerdstickers.com.br/todos/m-maravilha-ii/,"(66, 38)"
https://www.nerdstickers.com.br/todos/favor-nao-incomodar/,"(57, 38)"
https://www.nerdstickers.com.br/todos/say-yes-to-new-adventures/,"(55, 38)"
https://www.nerdstickers.com.br/todos/nobody-cares/,"(69, 39)"
https://www.nerdstickers.com.br/todos/riiickles/,"(70, 38)"
https://www.nerdstickers.com.br/todos/homem-aranha/,"(69, 38)"
https://www.nerdstickers.com.br/todos/nobody-cares/,"(69, 39)"
https://www.nerdstickers.com.br/todos/one-piece/,"(73, 38)"
https://www.nerdstickers.com.br/todos/one-piece/,"(73, 38)"
https://www.nerdstickers.com.br/todos/apt-get-a-life/,"(71, 38)"
https://www.nerdstickers.com.br/todos/sudo-rm-rf-2/,"(74, 38)"
https://www.nerdstickers.com.br/todos/national-security-agency/,"(52, 39)"
https://www.nerdstickers.com.br/todos/rebel-alliance-star-wars/,"(51, 38)"
https://www.nerdstickers.com.br/todos/yellow-planet/,"(72, 38)"
https://www.nerdstickers.com.br/todos/yellow-planet/,"(72, 38)"
https://www.nerdstickers.com.br/todos/?add-to-cart=282760,"(52, 38)"
https://www.nerdstickers.com.br/todos/no-logs-no-crime/,"(70, 39)"
https://www.nerdstickers.com.br/todos/m-maravilha/,"(66, 38)"
https://www.nerdstickers.com.br/todos/codeigniter/,"(68, 38)"
https://www.nerdstickers.com.br/todos/m-maravilha-ii/,"(66, 38)"
https://www.nerdstickers.com.br/todos/preservar/,"(68, 38)"
https://www.nerdstickers.com.br/todos/say-yes-to-new-adventures/,"(55, 38)"
https://www.nerdstickers.com.br/todos/bob-mischievous/,"(58, 38)"
https://www.nerdstickers.com.br/todos/the-bye/,"(73, 38)"
https://www.nerdstickers.com.br/todos/hard-skull/,"(67, 38)"
https://www.nerdstickers.com.br/todos/adesivo-batman-macbook/,"(50, 38)"
https://www.nerdstickers.com.br/todos/nobody-cares/,"(69, 39)"
https://www.nerdstickers.com.br/todos/hp-mascarado-copia/,"(56, 38)"
https://www.nerdstickers.com.br/todos/anonymous-mask/,"(65, 38)"
https://www.nerdstickers.com.br/todos/anonymous-mask/,"(65, 38)"
https://www.nerdstickers.com.br/todos/apt-get-a-life/,"(71, 38)"
https://www.nerdstickers.com.br/todos/senor-developer/,"(71, 38)"
https://www.nerdstickers.com.br/todos/pokejar-vi/,"(76, 38)"
https://www.nerdstickers.com.br/todos/ser-criativo/,"(61, 38)"
https://www.nerdstickers.com.br/todos/national-security-agency/,"(52, 39)"
https://www.nerdstickers.com.br/todos/kratos-2/,"(71, 38)"
https://www.nerdstickers.com.br/todos/cats-tea/,"(71, 38)"
https://www.nerdstickers.com.br/todos/girl-power/,"(67, 38)"
https://www.nerdstickers.com.br/todos/m-maravilha/,"(66, 38)"
https://www.nerdstickers.com.br/todos/japan/,"(78, 38)"
https://www.nerdstickers.com.br/todos/bob-mischievous/,"(58, 38)"
https://www.nerdstickers.com.br/todos/the-bye/,"(73, 38)"
https://www.nerdstickers.com.br/todos/hard-skull/,"(67, 38)"
https://www.nerdstickers.com.br/todos/hard-skull/,"(67, 38)"
https://www.nerdstickers.com.br/todos/bob-mischievous/,"(58, 38)"
https://www.nerdstickers.com.br/todos/etiqueta-arch-linux/,"(57, 38)"
https://www.nerdstickers.com.br/todos/senor-developer/,"(71, 38)"
https://www.nerdstickers.com.br/todos/pokejar-v/,"(75, 38)"
https://www.nerdstickers.com.br/todos/design-grafico/,"(60, 38)"
https://www.nerdstickers.com.br/todos/sudo-rm-rf-2/,"(74, 38)"
https://www.nerdstickers.com.br/todos/rebel-alliance-star-wars/,"(51, 38)"
https://www.nerdstickers.com.br/todos/rebel-alliance-star-wars/,"(51, 38)"
https://www.nerdstickers.com.br/todos/kratos-2/,"(71, 38)"
https://www.nerdstickers.com.br/todos/?add-to-cart=282755,"(52, 38)"
https://www.nerdstickers.com.br/todos/cats-tea/,"(71, 38)"
https://www.nerdstickers.com.br/todos/girl-power/,"(67, 38)"
https://www.nerdstickers.com.br/todos/codeigniter/,"(68, 38)"
https://www.nerdstickers.com.br/todos/m-maravilha/,"(66, 38)"
https://www.nerdstickers.com.br/todos/preservar/,"(68, 38)"
https://www.nerdstickers.com.br/todos/japan/,"(78, 38)"
https://www.nerdstickers.com.br/todos/send-memes/,"(73, 38)"
https://www.nerdstickers.com.br/todos/aww-jeez/,"(74, 38)"
https://www.nerdstickers.com.br/todos/caveira-punisher/,"(59, 38)"
https://www.nerdstickers.com.br/todos/adesivo-batman-macbook/,"(50, 38)"
https://www.nerdstickers.com.br/todos/bob-mischievous/,"(58, 38)"
https://www.nerdstickers.com.br/todos/hp-mascarado-copia/,"(56, 38)"
https://www.nerdstickers.com.br/todos/hp-mascarado-copia/,"(56, 38)"
https://www.nerdstickers.com.br/todos/code-ninja/,"(74, 38)"
https://www.nerdstickers.com.br/todos/sudo-rm-rf-2/,"(74, 38)"
https://www.nerdstickers.com.br/todos/caveira-skin/,"(67, 38)"
https://www.nerdstickers.com.br/todos/back-to-the-80s/,"(71, 38)"
https://www.nerdstickers.com.br/todos/feminista/,"(66, 38)"
https://www.nerdstickers.com.br/todos/digital-ocean-ii/,"(68, 38)"
https://www.nerdstickers.com.br/todos/girl-power/,"(67, 38)"
https://www.nerdstickers.com.br/todos/eu-nao-sou-um-robo/,"(69, 38)"
https://www.nerdstickers.com.br/todos/travel-explore-live/,"(60, 38)"
https://www.nerdstickers.com.br/todos/send-memes/,"(73, 38)"
https://www.nerdstickers.com.br/todos/aww-jeez/,"(74, 38)"
https://www.nerdstickers.com.br/todos/adesivo-bb8-macbook/,"(56, 38)"
https://www.nerdstickers.com.br/todos/send-memes/,"(73, 38)"
https://www.nerdstickers.com.br/todos/hp-mascarado/,"(60, 38)"
https://www.nerdstickers.com.br/todos/etiqueta-arch-linux/,"(57, 38)"
https://www.nerdstickers.com.br/todos/code-ninja/,"(74, 38)"
https://www.nerdstickers.com.br/todos/pokejar-v/,"(75, 38)"
https://www.nerdstickers.com.br/todos/design-grafico/,"(60, 38)"
https://www.nerdstickers.com.br/todos/senor-developer/,"(71, 38)"
https://www.nerdstickers.com.br/todos/back-to-the-80s/,"(71, 38)"
https://www.nerdstickers.com.br/todos/the-joker/,"(69, 38)"
https://www.nerdstickers.com.br/todos/feminista/,"(66, 38)"
https://www.nerdstickers.com.br/todos/digital-ocean-ii/,"(68, 38)"
https://www.nerdstickers.com.br/todos/girl-power/,"(67, 38)"
https://www.nerdstickers.com.br/todos/travel-explore-live/,"(60, 38)"
https://www.nerdstickers.com.br/todos/open-mouth/,"(73, 38)"
https://www.nerdstickers.com.br/todos/im-just-sayantist/,"(58, 38)"
https://www.nerdstickers.com.br/todos/caveira-punisher/,"(59, 38)"
https://www.nerdstickers.com.br/todos/caveira-punisher/,"(59, 38)"
https://www.nerdstickers.com.br/todos/send-memes/,"(73, 38)"
https://www.nerdstickers.com.br/todos/engineer/,"(73, 38)"
https://www.nerdstickers.com.br/todos/cega/,"(72, 38)"
https://www.nerdstickers.com.br/todos/juntos-e-shallow-now/,"(64, 38)"
https://www.nerdstickers.com.br/todos/senor-developer/,"(71, 38)"
https://www.nerdstickers.com.br/todos/caveira-skin/,"(67, 38)"
https://www.nerdstickers.com.br/todos/?add-to-cart=268362,"(52, 38)"
https://www.nerdstickers.com.br/todos/kratos/,"(71, 38)"
https://www.nerdstickers.com.br/todos/the-joker/,"(69, 38)"
https://www.nerdstickers.com.br/todos/foooood/,"(72, 38)"
https://www.nerdstickers.com.br/todos/youtube/,"(72, 38)"
https://www.nerdstickers.com.br/todos/feminista/,"(66, 38)"
https://www.nerdstickers.com.br/todos/eu-nao-sou-um-robo/,"(69, 38)"
https://www.nerdstickers.com.br/todos/just-go/,"(73, 38)"
https://www.nerdstickers.com.br/todos/open-mouth/,"(73, 38)"
https://www.nerdstickers.com.br/todos/im-just-sayantist/,"(58, 38)"
https://www.nerdstickers.com.br/todos/pistao/,"(71, 38)"
https://www.nerdstickers.com.br/todos/adesivo-bb8-macbook/,"(56, 38)"
https://www.nerdstickers.com.br/todos/open-mouth/,"(73, 38)"
https://www.nerdstickers.com.br/todos/hp-mascarado/,"(60, 38)"
https://www.nerdstickers.com.br/todos/hp-mascarado/,"(60, 38)"
https://www.nerdstickers.com.br/todos/debian-ii/,"(72, 38)"
https://www.nerdstickers.com.br/todos/engineer/,"(73, 38)"
https://www.nerdstickers.com.br/todos/startup-life/,"(64, 38)"
https://www.nerdstickers.com.br/todos/caveira-skin/,"(67, 38)"
https://www.nerdstickers.com.br/todos/yellow-planet/,"(72, 38)"
https://www.nerdstickers.com.br/todos/foooood/,"(72, 38)"
https://www.nerdstickers.com.br/todos/youtube/,"(72, 38)"
https://www.nerdstickers.com.br/todos/feminista/,"(66, 38)"
https://www.nerdstickers.com.br/todos/pinterest/,"(71, 38)"
https://www.nerdstickers.com.br/todos/just-go/,"(73, 38)"
https://www.nerdstickers.com.br/todos/lula-selfie/,"(66, 38)"
https://www.nerdstickers.com.br/todos/baby-yoda-ii/,"(73, 38)"
https://www.nerdstickers.com.br/todos/darth-vader-apple/,"(60, 38)"
https://www.nerdstickers.com.br/todos/open-mouth/,"(73, 38)"
https://www.nerdstickers.com.br/todos/heisenberg/,"(66, 38)"
https://www.nerdstickers.com.br/todos/debian-ii/,"(72, 38)"
https://www.nerdstickers.com.br/todos/developer-white/,"(67, 38)"
https://www.nerdstickers.com.br/todos/cega/,"(72, 38)"
https://www.nerdstickers.com.br/todos/juntos-e-shallow-now/,"(64, 38)"
https://www.nerdstickers.com.br/todos/startup-life/,"(64, 38)"
https://www.nerdstickers.com.br/todos/atomo/,"(75, 38)"
https://www.nerdstickers.com.br/todos/vue-js/,"(75, 38)"
https://www.nerdstickers.com.br/todos/kratos/,"(71, 38)"
https://www.nerdstickers.com.br/todos/?add-to-cart=268367,"(52, 38)"
https://www.nerdstickers.com.br/todos/yellow-planet/,"(72, 38)"
https://www.nerdstickers.com.br/todos/adesivo-wifi-pink/,"(61, 38)"
https://www.nerdstickers.com.br/todos/youtube-ii/,"(76, 38)"
https://www.nerdstickers.com.br/todos/foooood/,"(72, 38)"
https://www.nerdstickers.com.br/todos/pinterest/,"(71, 38)"
https://www.nerdstickers.com.br/todos/italy/,"(75, 38)"
https://www.nerdstickers.com.br/todos/lula-selfie/,"(66, 38)"
https://www.nerdstickers.com.br/todos/baby-yoda-ii/,"(73, 38)"
https://www.nerdstickers.com.br/todos/pistao/,"(71, 38)"
https://www.nerdstickers.com.br/todos/pistao/,"(71, 38)"
https://www.nerdstickers.com.br/todos/lula-selfie/,"(66, 38)"
https://www.nerdstickers.com.br/todos/ubuntu-i/,"(74, 38)"
https://www.nerdstickers.com.br/todos/developer-white/,"(67, 38)"
https://www.nerdstickers.com.br/todos/dc-comics/,"(72, 38)"
https://www.nerdstickers.com.br/todos/fuck-you-pay-me/,"(71, 38)"
https://www.nerdstickers.com.br/todos/code-ninja/,"(74, 38)"
https://www.nerdstickers.com.br/todos/atomo/,"(75, 38)"
https://www.nerdstickers.com.br/todos/atomo/,"(75, 38)"
https://www.nerdstickers.com.br/todos/vue-js/,"(75, 38)"
https://www.nerdstickers.com.br/todos/walter-bowie/,"(67, 38)"
https://www.nerdstickers.com.br/todos/adesivo-wifi-pink/,"(61, 38)"
https://www.nerdstickers.com.br/todos/youtube-ii/,"(76, 38)"
https://www.nerdstickers.com.br/todos/foooood/,"(72, 38)"
https://www.nerdstickers.com.br/todos/snapchat/,"(73, 38)"
https://www.nerdstickers.com.br/todos/italy/,"(75, 38)"
https://www.nerdstickers.com.br/todos/sad-frog/,"(68, 38)"
https://www.nerdstickers.com.br/todos/dog-is-coming/,"(69, 38)"
https://www.nerdstickers.com.br/todos/1up/,"(74, 38)"
https://www.nerdstickers.com.br/todos/darth-vader-apple/,"(60, 38)"
https://www.nerdstickers.com.br/todos/lula-selfie/,"(66, 38)"
https://www.nerdstickers.com.br/todos/heisenberg/,"(66, 38)"
https://www.nerdstickers.com.br/todos/heisenberg/,"(66, 38)"
https://www.nerdstickers.com.br/todos/ubuntu-i/,"(74, 38)"
https://www.nerdstickers.com.br/todos/developer-black/,"(66, 38)"
https://www.nerdstickers.com.br/todos/dc-comics/,"(72, 38)"
https://www.nerdstickers.com.br/todos/code-ninja/,"(74, 38)"
https://www.nerdstickers.com.br/todos/emc2/,"(74, 38)"
https://www.nerdstickers.com.br/todos/no-logs-no-crime/,"(70, 39)"
https://www.nerdstickers.com.br/todos/walter-bowie/,"(67, 38)"
https://www.nerdstickers.com.br/todos/?add-to-cart=268364,"(52, 38)"
https://www.nerdstickers.com.br/todos/plants-christmas/,"(56, 38)"
https://www.nerdstickers.com.br/todos/watermelon-pink/,"(61, 38)"
https://www.nerdstickers.com.br/todos/phpstorm/,"(70, 38)"
https://www.nerdstickers.com.br/todos/adesivo-wifi-pink/,"(61, 38)"
https://www.nerdstickers.com.br/todos/snapchat/,"(73, 38)"
https://www.nerdstickers.com.br/todos/australia/,"(66, 38)"
https://www.nerdstickers.com.br/todos/sad-frog/,"(68, 38)"
https://www.nerdstickers.com.br/todos/dog-is-coming/,"(69, 38)"
https://www.nerdstickers.com.br/todos/mao-homem-de-ferro/,"(65, 38)"
https://www.nerdstickers.com.br/todos/sad-frog/,"(68, 38)"
https://www.nerdstickers.com.br/todos/cs-go-2/,"(77, 38)"
https://www.nerdstickers.com.br/todos/tux-linux/,"(67, 38)"
https://www.nerdstickers.com.br/todos/developer-black/,"(66, 38)"
https://www.nerdstickers.com.br/todos/pokejar-ii/,"(76, 38)"
https://www.nerdstickers.com.br/todos/fuck-you-pay-me/,"(71, 38)"
https://www.nerdstickers.com.br/todos/no-logs-no-crime/,"(70, 39)"
https://www.nerdstickers.com.br/todos/riiickles/,"(70, 38)"
https://www.nerdstickers.com.br/todos/plants-christmas/,"(56, 38)"
https://www.nerdstickers.com.br/todos/watermelon-pink/,"(61, 38)"
https://www.nerdstickers.com.br/todos/phpstorm/,"(70, 38)"
https://www.nerdstickers.com.br/todos/adesivo-wifi-pink/,"(61, 38)"
https://www.nerdstickers.com.br/todos/linkedin/,"(71, 38)"
https://www.nerdstickers.com.br/todos/australia/,"(66, 38)"
https://www.nerdstickers.com.br/todos/tinker-frog/,"(68, 38)"
https://www.nerdstickers.com.br/todos/biscoitao-floss-dance/,"(52, 38)"
https://www.nerdstickers.com.br/todos/1up/,"(74, 38)"
https://www.nerdstickers.com.br/todos/1up/,"(74, 38)"
https://www.nerdstickers.com.br/todos/sad-frog/,"(68, 38)"
https://www.nerdstickers.com.br/todos/tux-linux/,"(67, 38)"
https://www.nerdstickers.com.br/todos/ninja/,"(78, 39)"
https://www.nerdstickers.com.br/todos/pokejar-ii/,"(76, 38)"
https://www.nerdstickers.com.br/todos/i-think-therefore-i-prototype/,"(51, 38)"
https://www.nerdstickers.com.br/todos/emc2/,"(74, 38)"
https://www.nerdstickers.com.br/todos/emc2/,"(74, 38)"
https://www.nerdstickers.com.br/todos/cats-tea/,"(71, 38)"
https://www.nerdstickers.com.br/todos/riiickles/,"(70, 38)"
https://www.nerdstickers.com.br/todos/?add-to-cart=268360,"(52, 38)"
https://www.nerdstickers.com.br/todos/orange-cat/,"(70, 38)"
https://www.nerdstickers.com.br/todos/adesivo-leucanthemum/,"(53, 38)"
https://www.nerdstickers.com.br/todos/mysql/,"(75, 38)"
https://www.nerdstickers.com.br/todos/watermelon-pink/,"(61, 38)"
https://www.nerdstickers.com.br/todos/linkedin/,"(71, 38)"
https://www.nerdstickers.com.br/todos/california-1996/,"(60, 38)"
https://www.nerdstickers.com.br/todos/tinker-frog/,"(68, 38)"
https://www.nerdstickers.com.br/todos/biscoitao-floss-dance/,"(52, 38)"
https://www.nerdstickers.com.br/todos/band-aid/,"(72, 38)"
https://www.nerdstickers.com.br/todos/mao-homem-de-ferro/,"(65, 38)"
https://www.nerdstickers.com.br/todos/tinker-frog/,"(68, 38)"
https://www.nerdstickers.com.br/todos/cs-go-2/,"(77, 38)"
https://www.nerdstickers.com.br/todos/cs-go-2/,"(77, 38)"
https://www.nerdstickers.com.br/todos/etiqueta-linux/,"(63, 38)"
https://www.nerdstickers.com.br/todos/ninja/,"(78, 39)"
https://www.nerdstickers.com.br/todos/pokejar-i/,"(78, 38)"
https://www.nerdstickers.com.br/todos/pikachu-mask/,"(63, 38)"
https://www.nerdstickers.com.br/todos/cats-tea/,"(71, 38)"
https://www.nerdstickers.com.br/todos/need-more-space/,"(70, 39)"
https://www.nerdstickers.com.br/todos/orange-cat/,"(70, 38)"
https://www.nerdstickers.com.br/todos/adesivo-leucanthemum/,"(53, 38)"
https://www.nerdstickers.com.br/todos/mysql/,"(75, 38)"
https://www.nerdstickers.com.br/todos/watermelon-pink/,"(61, 38)"
https://www.nerdstickers.com.br/todos/facebook/,"(70, 38)"
https://www.nerdstickers.com.br/todos/california-1996/,"(60, 38)"
https://www.nerdstickers.com.br/todos/mrs-avocado/,"(68, 38)"
https://www.nerdstickers.com.br/todos/baby-yoda/,"(69, 38)"
https://www.nerdstickers.com.br/todos/tinker-frog/,"(68, 38)"
https://www.nerdstickers.com.br/todos/dinogoogle/,"(69, 38)"
https://www.nerdstickers.com.br/todos/etiqueta-linux/,"(63, 38)"
https://www.nerdstickers.com.br/todos/ninja-color/,"(68, 39)"
https://www.nerdstickers.com.br/todos/i-think-therefore-i-prototype/,"(51, 38)"
https://www.nerdstickers.com.br/todos/no-logs-no-crime/,"(70, 39)"
https://www.nerdstickers.com.br/todos/need-more-space/,"(70, 39)"
https://www.nerdstickers.com.br/todos/?add-to-cart=268354,"(52, 38)"
https://www.nerdstickers.com.br/todos/sunset-city/,"(69, 38)"
https://www.nerdstickers.com.br/todos/coffescript-i/,"(70, 38)"
https://www.nerdstickers.com.br/todos/adesivo-leucanthemum/,"(53, 38)"
https://www.nerdstickers.com.br/todos/facebook/,"(70, 38)"
https://www.nerdstickers.com.br/todos/dolphin-sunset/,"(65, 38)"
https://www.nerdstickers.com.br/todos/mrs-avocado/,"(68, 38)"
https://www.nerdstickers.com.br/todos/baby-yoda/,"(69, 38)"
https://www.nerdstickers.com.br/todos/band-aid/,"(72, 38)"
https://www.nerdstickers.com.br/todos/band-aid/,"(72, 38)"
https://www.nerdstickers.com.br/todos/mrs-avocado/,"(68, 38)"
https://www.nerdstickers.com.br/todos/firefox/,"(72, 38)"
https://www.nerdstickers.com.br/todos/ninja-color/,"(68, 39)"
https://www.nerdstickers.com.br/todos/pokejar-i/,"(78, 38)"
https://www.nerdstickers.com.br/todos/i-love-vector/,"(71, 38)"
https://www.nerdstickers.com.br/todos/pikachu-mask/,"(63, 38)"
https://www.nerdstickers.com.br/todos/pikachu-mask/,"(63, 38)"
https://www.nerdstickers.com.br/todos/the-joker/,"(69, 38)"
https://www.nerdstickers.com.br/todos/the-bye/,"(73, 38)"
https://www.nerdstickers.com.br/todos/psychic-woman/,"(61, 38)"
https://www.nerdstickers.com.br/todos/sunset-city/,"(69, 38)"
https://www.nerdstickers.com.br/todos/coffescript-i/,"(70, 38)"
https://www.nerdstickers.com.br/todos/adesivo-leucanthemum/,"(53, 38)"
https://www.nerdstickers.com.br/todos/instagram-2/,"(68, 38)"
https://www.nerdstickers.com.br/todos/dolphin-sunset/,"(65, 38)"
https://www.nerdstickers.com.br/todos/radioactive/,"(65, 38)"
https://www.nerdstickers.com.br/todos/venom-03/,"(74, 38)"
https://www.nerdstickers.com.br/todos/lacucaracha/,"(61, 38)"
https://www.nerdstickers.com.br/todos/mrs-avocado/,"(68, 38)"
https://www.nerdstickers.com.br/todos/dinogoogle/,"(69, 38)"
https://www.nerdstickers.com.br/todos/dinogoogle/,"(69, 38)"
https://www.nerdstickers.com.br/todos/firefox/,"(72, 38)"
https://www.nerdstickers.com.br/todos/pokejar-iii/,"(74, 38)"
https://www.nerdstickers.com.br/todos/i-love-vector/,"(71, 38)"
https://www.nerdstickers.com.br/todos/monster-skin/,"(70, 38)"
https://www.nerdstickers.com.br/todos/vue-js/,"(75, 38)"
https://www.nerdstickers.com.br/todos/vue-js/,"(75, 38)"
https://www.nerdstickers.com.br/todos/meow/,"(72, 38)"
https://www.nerdstickers.com.br/todos/the-joker/,"(69, 38)"
https://www.nerdstickers.com.br/todos/the-bye/,"(73, 38)"
https://www.nerdstickers.com.br/todos/?add-to-cart=268356,"(52, 38)"
https://www.nerdstickers.com.br/todos/psychic-woman/,"(61, 38)"
https://www.nerdstickers.com.br/todos/mountains-sunset/,"(58, 38)"
https://www.nerdstickers.com.br/todos/sunset-city/,"(69, 38)"
https://www.nerdstickers.com.br/todos/instagram-2/,"(68, 38)"
https://www.nerdstickers.com.br/todos/take-me-to-the-beach/,"(65, 38)"
https://www.nerdstickers.com.br/todos/radioactive/,"(65, 38)"
https://www.nerdstickers.com.br/todos/venom-03/,"(74, 38)"
https://www.nerdstickers.com.br/todos/battroll/,"(67, 38)"
https://www.nerdstickers.com.br/todos/nerd/,"(75, 39)"
https://www.nerdstickers.com.br/todos/microsoft-ii/,"(69, 38)"
https://www.nerdstickers.com.br/todos/keep-calm-and-wireframe/,"(53, 38)"
https://www.nerdstickers.com.br/todos/vue-js/,"(75, 38)"
https://www.nerdstickers.com.br/todos/metadata/,"(67, 38)"
https://www.nerdstickers.com.br/todos/vue-js/,"(75, 38)"
https://www.nerdstickers.com.br/todos/yellow-planet/,"(72, 38)"
https://www.nerdstickers.com.br/todos/aww-jeez/,"(74, 38)"
https://www.nerdstickers.com.br/todos/lula-deb/,"(71, 38)"
https://www.nerdstickers.com.br/todos/mountains-sunset/,"(58, 38)"
https://www.nerdstickers.com.br/todos/sunset-city/,"(69, 38)"
https://www.nerdstickers.com.br/todos/twitter/,"(74, 38)"
https://www.nerdstickers.com.br/todos/take-me-to-the-beach/,"(65, 38)"
https://www.nerdstickers.com.br/todos/battroll/,"(67, 38)"
https://www.nerdstickers.com.br/todos/the-joker/,"(69, 38)"
https://www.nerdstickers.com.br/todos/lacucaracha/,"(61, 38)"
https://www.nerdstickers.com.br/todos/lacucaracha/,"(61, 38)"
https://www.nerdstickers.com.br/todos/battroll/,"(67, 38)"
https://www.nerdstickers.com.br/todos/microsoft-ii/,"(69, 38)"
https://www.nerdstickers.com.br/todos/pokejar-iii/,"(74, 38)"
https://www.nerdstickers.com.br/todos/keep-calm-and-wireframe/,"(53, 38)"
https://www.nerdstickers.com.br/todos/monster-skin/,"(70, 38)"
https://www.nerdstickers.com.br/todos/monster-skin/,"(70, 38)"
https://www.nerdstickers.com.br/todos/metadata/,"(67, 38)"
https://www.nerdstickers.com.br/todos/no-logs-no-crime/#product-sidebar,"(45, 38)"
https://www.nerdstickers.com.br/todos/no-logs-no-crime/,"(70, 39)"
https://www.nerdstickers.com.br/todos/meow/,"(72, 38)"
https://www.nerdstickers.com.br/todos/cats-tea/?add-to-cart=21179,"(43, 38)"
https://www.nerdstickers.com.br/todos/yellow-planet/,"(72, 38)"
https://www.nerdstickers.com.br/todos/aww-jeez/,"(74, 38)"
https://www.nerdstickers.com.br/todos/?add-to-cart=268352,"(52, 38)"
https://www.nerdstickers.com.br/todos/lula-deb/,"(71, 38)"
https://www.nerdstickers.com.br/todos/adesivo-nutella-i/,"(66, 38)"
https://www.nerdstickers.com.br/todos/mountains-sunset/,"(58, 38)"
https://www.nerdstickers.com.br/todos/twitter/,"(74, 38)"
https://www.nerdstickers.com.br/todos/road-trip/,"(73, 38)"
https://www.nerdstickers.com.br/todos/battroll/,"(67, 38)"
https://www.nerdstickers.com.br/todos/hellokitty/,"(66, 38)"
https://www.nerdstickers.com.br/todos/keep-calm-and-culpe-o-estagiario/,"(49, 38)"
https://www.nerdstickers.com.br/todos/nerd/,"(75, 39)"
https://www.nerdstickers.com.br/todos/nerd/,"(75, 39)"
https://www.nerdstickers.com.br/todos/centos/,"(71, 38)"
https://www.nerdstickers.com.br/todos/pokejar-iv/,"(74, 38)"
https://www.nerdstickers.com.br/todos/sketch/,"(71, 38)"
https://www.nerdstickers.com.br/todos/no-logs-no-crime/,"(70, 39)"
https://www.nerdstickers.com.br/todos/cat-bowie/,"(67, 38)"
https://www.nerdstickers.com.br/todos/im-just-sayantist/,"(58, 38)"
https://www.nerdstickers.com.br/todos/homunculo/,"(68, 38)"
https://www.nerdstickers.com.br/todos/adesivo-nutella-i/,"(66, 38)"
https://www.nerdstickers.com.br/todos/mountains-sunset/,"(58, 38)"
https://www.nerdstickers.com.br/todos/like-deslike/,"(67, 38)"
https://www.nerdstickers.com.br/todos/road-trip/,"(73, 38)"
https://www.nerdstickers.com.br/todos/keep-calm-and-culpe-o-estagiario/,"(49, 38)"
https://www.nerdstickers.com.br/todos/the-joker/,"(69, 38)"
https://www.nerdstickers.com.br/todos/coffee/,"(79, 38)"
https://www.nerdstickers.com.br/todos/centos/,"(71, 38)"
https://www.nerdstickers.com.br/todos/sketch/,"(71, 38)"
https://www.nerdstickers.com.br/todos/cats-tea/,"(71, 38)"
https://www.nerdstickers.com.br/todos/cat-bowie/,"(67, 38)"
https://www.nerdstickers.com.br/todos/cats-tea/?add-to-cart=40269,"(43, 38)"
https://www.nerdstickers.com.br/todos/plants-christmas/,"(56, 38)"
https://www.nerdstickers.com.br/todos/im-just-sayantist/,"(58, 38)"
https://www.nerdstickers.com.br/todos/?add-to-cart=268348,"(52, 38)"
https://www.nerdstickers.com.br/todos/homunculo/,"(68, 38)"
https://www.nerdstickers.com.br/todos/unicornio-iii/,"(70, 38)"
https://www.nerdstickers.com.br/todos/adesivo-nutella-i/,"(66, 38)"
https://www.nerdstickers.com.br/todos/like-deslike/,"(67, 38)"
https://www.nerdstickers.com.br/todos/lets-travel-the-world/,"(56, 38)"
https://www.nerdstickers.com.br/todos/keep-calm-and-culpe-o-estagiario/,"(49, 38)"
https://www.nerdstickers.com.br/todos/lula-deb/,"(71, 38)"
https://www.nerdstickers.com.br/todos/hellokitty/,"(66, 38)"
https://www.nerdstickers.com.br/todos/hellokitty/,"(66, 38)"
https://www.nerdstickers.com.br/todos/keep-calm-and-culpe-o-estagiario/,"(49, 38)"
https://www.nerdstickers.com.br/todos/etiqueta-android/,"(59, 38)"
https://www.nerdstickers.com.br/todos/pokejar-iv/,"(74, 38)"
https://www.nerdstickers.com.br/todos/talk-data-to-me/,"(65, 38)"
https://www.nerdstickers.com.br/todos/no-logs-no-crime/#product-zoom,"(47, 38)"
https://www.nerdstickers.com.br/todos/cats-tea/,"(71, 38)"
https://www.nerdstickers.com.br/todos/zombie-t-rex/,"(73, 38)"
https://www.nerdstickers.com.br/todos/plants-christmas/,"(56, 38)"
https://www.nerdstickers.com.br/todos/baby-yoda-ii/,"(73, 38)"
https://www.nerdstickers.com.br/todos/unicornio-iii/,"(70, 38)"
https://www.nerdstickers.com.br/todos/vue-js/#top,"(64, 38)"
https://www.nerdstickers.com.br/todos/adesivo-nutella-i/,"(66, 38)"
https://www.nerdstickers.com.br/todos/reddit-i-2/,"(72, 38)"
https://www.nerdstickers.com.br/todos/lets-travel-the-world/,"(56, 38)"
https://www.nerdstickers.com.br/todos/fuck-the-diet/,"(69, 38)"
https://www.nerdstickers.com.br/todos/haters/,"(74, 38)"
https://www.nerdstickers.com.br/todos/fuck-the-diet/,"(69, 38)"
https://www.nerdstickers.com.br/todos/coffee/,"(79, 38)"
https://www.nerdstickers.com.br/todos/coffee/,"(79, 38)"
https://www.nerdstickers.com.br/todos/etiqueta-android/,"(59, 38)"
https://www.nerdstickers.com.br/todos/geraldao/,"(67, 38)"
https://www.nerdstickers.com.br/todos/talk-data-to-me/,"(65, 38)"
https://www.nerdstickers.com.br/todos/zombie-t-rex/,"(73, 38)"
https://www.nerdstickers.com.br/todos/cats-tea/?add-to-cart=176870,"(41, 38)"
https://www.nerdstickers.com.br/todos/orange-cat/,"(70, 38)"
https://www.nerdstickers.com.br/todos/baby-yoda-ii/,"(73, 38)"
https://www.nerdstickers.com.br/todos/?add-to-cart=268350,"(52, 38)"
https://www.nerdstickers.com.br/todos/roger-pirates/,"(68, 38)"
https://www.nerdstickers.com.br/todos/adesivo-unicornio/,"(54, 38)"
https://www.nerdstickers.com.br/todos/unicornio-iii/,"(70, 38)"
https://www.nerdstickers.com.br/todos/reddit-i-2/,"(72, 38)"
https://www.nerdstickers.com.br/todos/moscow/,"(74, 38)"
https://www.nerdstickers.com.br/todos/lula-deb/,"(71, 38)"
https://www.nerdstickers.com.br/todos/fuck-the-diet/,"(69, 38)"
https://www.nerdstickers.com.br/todos/developer/,"(76, 38)"
https://www.nerdstickers.com.br/todos/etiqueta-ubuntu/,"(60, 38)"
https://www.nerdstickers.com.br/todos/you-user/,"(71, 38)"
https://www.nerdstickers.com.br/todos/the-joker/,"(69, 38)"
https://www.nerdstickers.com.br/todos/v-for-vendetta/,"(69, 38)"
https://www.nerdstickers.com.br/todos/orange-cat/,"(70, 38)"
https://www.nerdstickers.com.br/todos/dog-is-coming/,"(69, 38)"
https://www.nerdstickers.com.br/todos/roger-pirates/,"(68, 38)"
https://www.nerdstickers.com.br/todos/adesivo-unicornio/,"(54, 38)"
https://www.nerdstickers.com.br/todos/unicornio-iii/,"(70, 38)"
https://www.nerdstickers.com.br/todos/whatsapp/,"(67, 38)"
https://www.nerdstickers.com.br/todos/moscow/,"(74, 38)"
https://www.nerdstickers.com.br/todos/fuck-the-diet/,"(69, 38)"
https://www.nerdstickers.com.br/todos/homunculo/,"(68, 38)"
https://www.nerdstickers.com.br/todos/haters/,"(74, 38)"
https://www.nerdstickers.com.br/todos/haters/,"(74, 38)"
https://www.nerdstickers.com.br/todos/rickiss/,"(72, 38)"
https://www.nerdstickers.com.br/todos/etiqueta-ubuntu/,"(60, 38)"
https://www.nerdstickers.com.br/todos/geraldao/,"(67, 38)"
https://www.nerdstickers.com.br/todos/you-user/,"(71, 38)"
https://www.nerdstickers.com.br/todos/the-joker/,"(69, 38)"
https://www.nerdstickers.com.br/todos/v-for-vendetta/,"(69, 38)"
https://www.nerdstickers.com.br/todos/cats-tea/?add-to-cart=132434,"(41, 38)"
https://www.nerdstickers.com.br/todos/dog-is-coming/,"(69, 38)"
https://www.nerdstickers.com.br/todos/?add-to-cart=268341,"(52, 38)"
https://www.nerdstickers.com.br/todos/pinkman-hardblue/,"(58, 38)"
https://www.nerdstickers.com.br/todos/adesivo-i-fucking-love/,"(50, 38)"
https://www.nerdstickers.com.br/todos/adesivo-unicornio/,"(54, 38)"
https://www.nerdstickers.com.br/todos/whatsapp/,"(67, 38)"
https://www.nerdstickers.com.br/todos/homunculo/,"(68, 38)"
https://www.nerdstickers.com.br/todos/fck/,"(73, 38)"
https://www.nerdstickers.com.br/todos/rickiss/,"(72, 38)"
https://www.nerdstickers.com.br/todos/developer/,"(76, 38)"
https://www.nerdstickers.com.br/todos/developer/,"(76, 38)"
https://www.nerdstickers.com.br/todos/etiqueta-debian/,"(61, 38)"
https://www.nerdstickers.com.br/todos/bullet/,"(76, 38)"
https://www.nerdstickers.com.br/todos/heart/,"(75, 38)"
https://www.nerdstickers.com.br/todos/yellow-planet/,"(72, 38)"
https://www.nerdstickers.com.br/todos/space-niguiri/,"(67, 38)"
https://www.nerdstickers.com.br/todos/psychic-woman/,"(61, 38)"
https://www.nerdstickers.com.br/todos/biscoitao-floss-dance/,"(52, 38)"
https://www.nerdstickers.com.br/todos/pinkman-hardblue/,"(58, 38)"
https://www.nerdstickers.com.br/todos/adesivo-i-fucking-love/,"(50, 38)"
https://www.nerdstickers.com.br/todos/adesivo-unicornio/,"(54, 38)"
https://www.nerdstickers.com.br/todos/roger-pirates/,"(68, 38)"
https://www.nerdstickers.com.br/todos/android-2/,"(75, 38)"
https://www.nerdstickers.com.br/todos/etiqueta-debian/,"(61, 38)"
https://www.nerdstickers.com.br/todos/heart/,"(75, 38)"
https://www.nerdstickers.com.br/todos/yellow-planet/,"(72, 38)"
https://www.nerdstickers.com.br/todos/psychic-woman/,"(61, 38)"
https://www.nerdstickers.com.br/todos/biscoitao-floss-dance/,"(52, 38)"
https://www.nerdstickers.com.br/todos/?add-to-cart=268343,"(52, 38)"
https://www.nerdstickers.com.br/todos/heisen-cooker/,"(64, 38)"
https://www.nerdstickers.com.br/todos/adesivo-i-fucking-love/,"(50, 38)"
https://www.nerdstickers.com.br/todos/fck/,"(73, 38)"
https://www.nerdstickers.com.br/todos/fck/,"(73, 38)"
https://www.nerdstickers.com.br/todos/bullet/,"(76, 38)"
https://www.nerdstickers.com.br/todos/space-niguiri/,"(67, 38)"
https://www.nerdstickers.com.br/todos/cats-tea/?add-to-cart=132340,"(41, 38)"
https://www.nerdstickers.com.br/todos/lula-deb/,"(71, 38)"
https://www.nerdstickers.com.br/todos/baby-yoda/,"(69, 38)"
https://www.nerdstickers.com.br/todos/heisen-cooker/,"(64, 38)"
https://www.nerdstickers.com.br/todos/adesivo-i-fucking-love/,"(50, 38)"
https://www.nerdstickers.com.br/todos/roger-pirates/,"(68, 38)"
https://www.nerdstickers.com.br/todos/homem-aranha/,"(69, 38)"
https://www.nerdstickers.com.br/todos/android-2/,"(75, 38)"
https://www.nerdstickers.com.br/todos/android-2/,"(75, 38)"
https://www.nerdstickers.com.br/todos/wasd/,"(74, 38)"
https://www.nerdstickers.com.br/todos/plants-christmas/,"(56, 38)"
https://www.nerdstickers.com.br/todos/rinnewolf/,"(68, 38)"
https://www.nerdstickers.com.br/todos/lula-deb/,"(71, 38)"
https://www.nerdstickers.com.br/todos/baby-yoda/,"(69, 38)"
https://www.nerdstickers.com.br/todos/?add-to-cart=268339,"(52, 38)"
https://www.nerdstickers.com.br/todos/heisenbergs-trailer/,"(53, 38)"
https://www.nerdstickers.com.br/todos/roy-mustang/,"(65, 38)"
https://www.nerdstickers.com.br/todos/hard-skull/,"(67, 38)"
https://www.nerdstickers.com.br/todos/wasd/,"(74, 38)"
https://www.nerdstickers.com.br/todos/plants-christmas/,"(56, 38)"
https://www.nerdstickers.com.br/todos/homunculo/,"(68, 38)"
https://www.nerdstickers.com.br/todos/saw-cleaver/,"(68, 38)"
https://www.nerdstickers.com.br/todos/heisenbergs-trailer/,"(53, 38)"
https://www.nerdstickers.com.br/todos/homem-aranha/,"(69, 38)"
https://www.nerdstickers.com.br/todos/eat-game/,"(68, 38)"
https://www.nerdstickers.com.br/todos/orange-cat/,"(70, 38)"
https://www.nerdstickers.com.br/todos/rinnewolf/,"(68, 38)"
https://www.nerdstickers.com.br/todos/cats-tea/?add-to-cart=127367,"(41, 38)"
https://www.nerdstickers.com.br/todos/homunculo/,"(68, 38)"
https://www.nerdstickers.com.br/todos/saw-cleaver/,"(68, 38)"
https://www.nerdstickers.com.br/todos/?add-to-cart=267874,"(52, 38)"
https://www.nerdstickers.com.br/todos/heisenberg-redblue/,"(54, 38)"
https://www.nerdstickers.com.br/todos/roy-mustang/,"(65, 38)"
https://www.nerdstickers.com.br/todos/hard-skull/,"(67, 38)"
https://www.nerdstickers.com.br/todos/hard-skull/,"(67, 38)"
https://www.nerdstickers.com.br/todos/eat-game/,"(68, 38)"
https://www.nerdstickers.com.br/todos/orange-cat/,"(70, 38)"
https://www.nerdstickers.com.br/todos/baiacu/,"(71, 38)"
https://www.nerdstickers.com.br/todos/g-google/,"(74, 38)"
https://www.nerdstickers.com.br/todos/heisenberg-redblue/,"(54, 38)"
https://www.nerdstickers.com.br/todos/estigma-berserk/,"(57, 38)"
https://www.nerdstickers.com.br/todos/sith-empire-star-wars/,"(59, 38)"
https://www.nerdstickers.com.br/todos/roger-pirates/,"(68, 38)"
https://www.nerdstickers.com.br/todos/g-google/,"(74, 38)"
https://www.nerdstickers.com.br/todos/i-dump-you-ass/,"(70, 38)"
https://www.nerdstickers.com.br/todos/psychic-woman/,"(61, 38)"
https://www.nerdstickers.com.br/todos/baiacu/,"(71, 38)"
https://www.nerdstickers.com.br/todos/cats-tea/?add-to-cart=123558,"(41, 38)"
https://www.nerdstickers.com.br/todos/roger-pirates/,"(68, 38)"
https://www.nerdstickers.com.br/todos/?add-to-cart=267871,"(52, 38)"
https://www.nerdstickers.com.br/todos/venom-03/,"(74, 38)"
https://www.nerdstickers.com.br/todos/i-dump-you-ass/,"(70, 38)"
https://www.nerdstickers.com.br/todos/estigma-berserk/,"(57, 38)"
https://www.nerdstickers.com.br/todos/sith-empire-star-wars/,"(59, 38)"
https://www.nerdstickers.com.br/todos/sith-empire-star-wars/,"(59, 38)"
https://www.nerdstickers.com.br/todos/psychic-woman/,"(61, 38)"
https://www.nerdstickers.com.br/todos/olho-zen/,"(71, 38)"
https://www.nerdstickers.com.br/todos/pinkman-hardblue/,"(58, 38)"
https://www.nerdstickers.com.br/todos/venom-03/,"(74, 38)"
https://www.nerdstickers.com.br/todos/skeleton-on-the-beach/,"(62, 38)"
https://www.nerdstickers.com.br/todos/bat-rigby/,"(67, 38)"
https://www.nerdstickers.com.br/todos/hack/,"(74, 38)"
https://www.nerdstickers.com.br/todos/evernote/,"(73, 38)"
https://www.nerdstickers.com.br/todos/lula-deb/,"(71, 38)"
https://www.nerdstickers.com.br/todos/pinkman-hardblue/,"(58, 38)"
https://www.nerdstickers.com.br/todos/?add-to-cart=252959,"(52, 38)"
https://www.nerdstickers.com.br/todos/skeleton-on-the-beach/,"(62, 38)"
https://www.nerdstickers.com.br/todos/lula-deb/,"(71, 38)"
https://www.nerdstickers.com.br/todos/olho-zen/,"(71, 38)"
https://www.nerdstickers.com.br/todos/cats-tea/?add-to-cart=16368,"(43, 38)"
https://www.nerdstickers.com.br/todos/heisen-cooker/,"(64, 38)"
https://www.nerdstickers.com.br/todos/vue-js/,"(75, 38)"
https://www.nerdstickers.com.br/todos/van-at-sunset/,"(63, 38)"
https://www.nerdstickers.com.br/todos/bat-rigby/,"(67, 38)"
https://www.nerdstickers.com.br/todos/hack/,"(74, 38)"
https://www.nerdstickers.com.br/todos/hack/,"(74, 38)"
https://www.nerdstickers.com.br/todos/evernote/,"(73, 38)"
https://www.nerdstickers.com.br/todos/no-logs-no-crime/?add-to-cart=16293,"(41, 38)"
https://www.nerdstickers.com.br/todos/homunculo/,"(68, 38)"
https://www.nerdstickers.com.br/todos/heisen-cooker/,"(64, 38)"
https://www.nerdstickers.com.br/todos/vue-js/,"(75, 38)"
https://www.nerdstickers.com.br/todos/?add-to-cart=252958,"(52, 38)"
https://www.nerdstickers.com.br/todos/van-at-sunset/,"(63, 38)"
https://www.nerdstickers.com.br/todos/tanjiro-02/,"(70, 38)"
https://www.nerdstickers.com.br/todos/loading/,"(75, 38)"
https://www.nerdstickers.com.br/todos/swift/,"(75, 38)"
https://www.nerdstickers.com.br/todos/homunculo/,"(68, 38)"
https://www.nerdstickers.com.br/todos/heisenbergs-trailer/,"(53, 38)"
https://www.nerdstickers.com.br/todos/pagina/2/,"(67, 38)"
https://www.nerdstickers.com.br/todos/pagina/3/,"(67, 38)"
https://www.nerdstickers.com.br/todos/deadpug/,"(74, 38)"
https://www.nerdstickers.com.br/todos/swift/,"(75, 38)"
https://www.nerdstickers.com.br/todos/no-logs-no-crime/?add-to-cart=16401,"(41, 38)"
https://www.nerdstickers.com.br/todos/heisenbergs-trailer/,"(53, 38)"
https://www.nerdstickers.com.br/todos/pagina/4/,"(67, 38)"
https://www.nerdstickers.com.br/todos/pagina/46/,"(70, 38)"
https://www.nerdstickers.com.br/todos/deadpug/,"(74, 38)"
https://www.nerdstickers.com.br/todos/tanjiro-02/,"(70, 38)"
https://www.nerdstickers.com.br/todos/loading/,"(75, 38)"
https://www.nerdstickers.com.br/todos/loading/,"(75, 38)"
https://www.nerdstickers.com.br/todos/perl-i/,"(78, 38)"
https://www.nerdstickers.com.br/todos/roger-pirates/,"(68, 38)"
https://www.nerdstickers.com.br/todos/heisenberg-redblue/,"(54, 38)"
https://www.nerdstickers.com.br/todos/pagina/47/,"(70, 38)"
https://www.nerdstickers.com.br/todos/pagina/48/,"(70, 38)"
https://www.nerdstickers.com.br/todos/republica-fed-do-brazil/,"(56, 38)"
https://www.nerdstickers.com.br/todos/patrick-boo/,"(65, 38)"
https://www.nerdstickers.com.br/todos/caveira-punisher/,"(59, 38)"
https://www.nerdstickers.com.br/todos/perl-i/,"(78, 38)"
https://www.nerdstickers.com.br/todos/no-logs-no-crime/?add-to-cart=17631,"(41, 38)"
https://www.nerdstickers.com.br/todos/roger-pirates/,"(68, 38)"
https://www.nerdstickers.com.br/todos/heisenberg-redblue/,"(54, 38)"
https://www.nerdstickers.com.br/todos/pagina/2/,"(67, 38)"
https://www.nerdstickers.com.br/todos/republica-fed-do-brazil/,"(56, 38)"
https://www.nerdstickers.com.br/todos/oracle-i/,"(77, 38)"
https://www.nerdstickers.com.br/todos/pinkman-hardblue/,"(58, 38)"
https://www.nerdstickers.com.br/todos/cats-tea/#top,"(60, 38)"
https://www.nerdstickers.com.br/todos/i-dump-you-ass/,"(70, 38)"
https://www.nerdstickers.com.br/todos/bicycle-sunset/,"(62, 38)"
https://www.nerdstickers.com.br/todos/patrick-boo/,"(65, 38)"
https://www.nerdstickers.com.br/todos/caveira-punisher/,"(59, 38)"
https://www.nerdstickers.com.br/todos/caveira-punisher/,"(59, 38)"
https://www.nerdstickers.com.br/todos/oracle-i/,"(77, 38)"
https://www.nerdstickers.com.br/todos/no-logs-no-crime/?add-to-cart=16388,"(41, 38)"
https://www.nerdstickers.com.br/todos/pinkman-hardblue/,"(58, 38)"
https://www.nerdstickers.com.br/todos/i-dump-you-ass/,"(70, 38)"
https://www.nerdstickers.com.br/todos/bicycle-sunset/,"(62, 38)"
https://www.nerdstickers.com.br/todos/pistao/,"(71, 38)"
https://www.nerdstickers.com.br/todos/cisco-ii/,"(74, 38)"
https://www.nerdstickers.com.br/todos/heisen-cooker/,"(64, 38)"
https://www.nerdstickers.com.br/todos/skeleton-on-the-beach/,"(62, 38)"
https://www.nerdstickers.com.br/todos/cisco-ii/,"(74, 38)"
https://www.nerdstickers.com.br/todos/no-logs-no-crime/?add-to-cart=16416,"(41, 38)"
https://www.nerdstickers.com.br/todos/heisen-cooker/,"(64, 38)"
https://www.nerdstickers.com.br/todos/skeleton-on-the-beach/,"(62, 38)"
https://www.nerdstickers.com.br/todos/pistao/,"(71, 38)"
https://www.nerdstickers.com.br/todos/pistao/,"(71, 38)"
https://www.nerdstickers.com.br/todos/youtube/,"(72, 38)"
https://www.nerdstickers.com.br/todos/heisenbergs-trailer/,"(53, 38)"
https://www.nerdstickers.com.br/todos/van-at-sunset/,"(63, 38)"
https://www.nerdstickers.com.br/todos/star-wars-rogue-squadron/,"(53, 38)"
https://www.nerdstickers.com.br/todos/youtube/,"(72, 38)"
https://www.nerdstickers.com.br/todos/no-logs-no-crime/?add-to-cart=16301,"(41, 38)"
https://www.nerdstickers.com.br/todos/heisenbergs-trailer/,"(53, 38)"
https://www.nerdstickers.com.br/todos/van-at-sunset/,"(63, 38)"
https://www.nerdstickers.com.br/todos/#top,"(70, 38)"
https://www.nerdstickers.com.br/todos/linus-torvalds-talk-is-cheap/,"(50, 38)"
https://www.nerdstickers.com.br/todos/heisenberg-redblue/,"(54, 38)"
https://www.nerdstickers.com.br/todos/deadpug/,"(74, 38)"
https://www.nerdstickers.com.br/todos/star-wars-rogue-squadron/,"(53, 38)"
https://www.nerdstickers.com.br/todos/star-wars-rogue-squadron/,"(53, 38)"
https://www.nerdstickers.com.br/todos/linus-torvalds-talk-is-cheap/,"(50, 38)"
https://www.nerdstickers.com.br/todos/no-logs-no-crime/?add-to-cart=16404,"(41, 38)"
https://www.nerdstickers.com.br/todos/heisenberg-redblue/,"(54, 38)"
https://www.nerdstickers.com.br/todos/deadpug/,"(74, 38)"
https://www.nerdstickers.com.br/todos/star-wars-choose-wisely/,"(56, 38)"
https://www.nerdstickers.com.br/todos/marionette-js-i/,"(70, 38)"
https://www.nerdstickers.com.br/todos/i-dump-you-ass/,"(70, 38)"
https://www.nerdstickers.com.br/todos/republica-fed-do-brazil/,"(56, 38)"
https://www.nerdstickers.com.br/todos/marionette-js-i/,"(70, 38)"
https://www.nerdstickers.com.br/todos/no-logs-no-crime/?add-to-cart=16035,"(41, 38)"
https://www.nerdstickers.com.br/todos/i-dump-you-ass/,"(70, 38)"
https://www.nerdstickers.com.br/todos/republica-fed-do-brazil/,"(56, 38)"
https://www.nerdstickers.com.br/todos/star-wars-choose-wisely/,"(56, 38)"
https://www.nerdstickers.com.br/todos/star-wars-choose-wisely/,"(56, 38)"
https://www.nerdstickers.com.br/todos/skeleton-on-the-beach/,"(62, 38)"
https://www.nerdstickers.com.br/todos/bicycle-sunset/,"(62, 38)"
https://www.nerdstickers.com.br/todos/star-wars-jedi/,"(66, 38)"
https://www.nerdstickers.com.br/todos/skeleton-on-the-beach/,"(62, 38)"
https://www.nerdstickers.com.br/todos/bicycle-sunset/,"(62, 38)"
https://www.nerdstickers.com.br/todos/van-at-sunset/,"(63, 38)"
https://www.nerdstickers.com.br/todos/star-wars-jedi/,"(66, 38)"
https://www.nerdstickers.com.br/todos/star-wars-jedi/,"(66, 38)"
https://www.nerdstickers.com.br/todos/van-at-sunset/,"(63, 38)"
https://www.nerdstickers.com.br/todos/deadpug/,"(74, 38)"
https://www.nerdstickers.com.br/todos/no-logs-no-crime/#top,"(62, 39)"
https://www.nerdstickers.com.br/todos/deadpug/,"(74, 38)"
https://www.nerdstickers.com.br/todos/republica-fed-do-brazil/,"(56, 38)"
https://www.nerdstickers.com.br/todos/republica-fed-do-brazil/,"(56, 38)"
https://www.nerdstickers.com.br/todos/bicycle-sunset/,"(62, 38)"
https://www.nerdstickers.com.br/todos/bicycle-sunset/,"(62, 38)"
